Category,Examples,Minimum Info Needed,Human Review Risk
Employment / Workforce,Job search; resume support; training programs,Schedule; skills; location; eligibility if relevant,Avoid promising placement
Housing Stability,Shelter; rental help; eviction prevention,Current safe housing; notice/deadline; service area,Legal/benefits eligibility must be verified
Food Access,Food pantry; meal programs; SNAP navigation,Household size; location; urgency,Benefits claims require verification
Healthcare Navigation,Appointments; insurance navigation; interpretation,Urgency; provider; language preference,No medical advice
Transportation,Bus passes; ride programs; appointment transport,Location; schedule; eligibility,Do not guarantee availability
Education / Training,GED; certifications; college support,Program goal; schedule; prerequisites,Verify admissions/aid requirements
Childcare / Family Support,Childcare referrals; school schedule issues,Ages; schedule; location; urgency,Safety protocols apply
Language Access,Interpretation; translated materials,Preferred language; context; confidentiality,Use qualified interpreter where needed
Legal Referral,Benefits denial; eviction notice; immigration issue,Document type; deadline; location,Never provide legal advice
